model,cor.model,auc.model,oldRange,newRange,areaLoss,areaGain,species,iter
gf26,0.433796132,0.884892482,0.311784566,0.315746915,0.029914759,0.033877108,Chlosyne.palla,1
gf45,0.433796132,0.884892482,0.311784566,0.284233056,0.034169366,0.026669707,Chlosyne.palla,1
gf85,0.433796132,0.884892482,0.311784566,0.34855481,0.024899019,0.061669263,Chlosyne.palla,1
he26,0.433796132,0.884892482,0.311784566,0.404562232,0.0075637,0.100341367,Chlosyne.palla,1
he45,0.433796132,0.884892482,0.311784566,0.411178193,0.008775078,0.108168705,Chlosyne.palla,1
he85,0.433796132,0.884892482,0.311784566,0.407865759,0.012477179,0.108558372,Chlosyne.palla,1
mg26,0.433796132,0.884892482,0.311784566,0.347847298,0.004391798,0.04045453,Chlosyne.palla,1
mg45,0.433796132,0.884892482,0.311784566,0.334710307,0.011233978,0.034159719,Chlosyne.palla,1
mg85,0.433796132,0.884892482,0.311784566,0.393439278,0.003901757,0.085556469,Chlosyne.palla,1
mp26,0.433796132,0.884892482,0.311784566,0.342543631,0.008310091,0.039069155,Chlosyne.palla,1
mp45,0.433796132,0.884892482,0.311784566,0.362623147,0.007500632,0.058339213,Chlosyne.palla,1
mp85,0.433796132,0.884892482,0.311784566,0.381862923,0.009297932,0.079376289,Chlosyne.palla,1
gf26,0.435656715,0.872084265,0.300660598,0.301896998,0.030659989,0.031896389,Chlosyne.palla,2
gf45,0.435656715,0.872084265,0.300660598,0.300826582,0.031045681,0.031211666,Chlosyne.palla,2
gf85,0.435656715,0.872084265,0.300660598,0.337302809,0.026700148,0.06334236,Chlosyne.palla,2
he26,0.435656715,0.872084265,0.300660598,0.394730552,0.00692889,0.100998844,Chlosyne.palla,2
he45,0.435656715,0.872084265,0.300660598,0.397185228,0.00837356,0.10489819,Chlosyne.palla,2
he85,0.435656715,0.872084265,0.300660598,0.392037823,0.012366683,0.103743908,Chlosyne.palla,2
mg26,0.435656715,0.872084265,0.300660598,0.334898864,0.005586331,0.039824597,Chlosyne.palla,2
mg45,0.435656715,0.872084265,0.300660598,0.321644934,0.012497563,0.0334819,Chlosyne.palla,2
mg85,0.435656715,0.872084265,0.300660598,0.377776703,0.006610606,0.083726711,Chlosyne.palla,2
mp26,0.435656715,0.872084265,0.300660598,0.322879479,0.011331774,0.033550655,Chlosyne.palla,2
mp45,0.435656715,0.872084265,0.300660598,0.343780703,0.007996442,0.051116547,Chlosyne.palla,2
mp85,0.435656715,0.872084265,0.300660598,0.359625335,0.01020097,0.069165707,Chlosyne.palla,2
gf26,0.419729903,0.871593491,0.299221376,0.305266611,0.027433257,0.033478491,Chlosyne.palla,3
gf45,0.419729903,0.871593491,0.299221376,0.291317418,0.029166785,0.031996125,Chlosyne.palla,3
gf85,0.419729903,0.871593491,0.299221376,0.335018407,0.026212926,0.062009957,Chlosyne.palla,3
he26,0.419729903,0.871593491,0.299221376,0.387686666,0.006833701,0.095298992,Chlosyne.palla,3
he45,0.419729903,0.871593491,0.299221376,0.38720804,0.008456884,0.096443548,Chlosyne.palla,3
he85,0.419729903,0.871593491,0.299221376,0.381029605,0.012432758,0.094240987,Chlosyne.palla,3
mg26,0.419729903,0.871593491,0.299221376,0.330797015,0.006858241,0.03843388,Chlosyne.palla,3
mg45,0.419729903,0.871593491,0.299221376,0.317388374,0.015090373,0.033257371,Chlosyne.palla,3
mg85,0.419729903,0.871593491,0.299221376,0.366274587,0.00920884,0.076262052,Chlosyne.palla,3
mp26,0.419729903,0.871593491,0.299221376,0.322313095,0.011743141,0.03483486,Chlosyne.palla,3
mp45,0.419729903,0.871593491,0.299221376,0.340280664,0.007520384,0.048579673,Chlosyne.palla,3
mp85,0.419729903,0.871593491,0.299221376,0.353796762,0.011129828,0.065705215,Chlosyne.palla,3
gf26,0.336423459,0.794453514,0.260786343,0.274659773,0.022715664,0.036589094,Chlosyne.palla,4
gf45,0.336423459,0.794453514,0.260786343,0.267665256,0.023081653,0.029960566,Chlosyne.palla,4
gf85,0.336423459,0.794453514,0.260786343,0.306313315,0.019549686,0.065076659,Chlosyne.palla,4
he26,0.336423459,0.794453514,0.260786343,0.355831817,0.006530157,0.101575631,Chlosyne.palla,4
he45,0.336423459,0.794453514,0.260786343,0.353603794,0.008695902,0.101513353,Chlosyne.palla,4
he85,0.336423459,0.794453514,0.260786343,0.35137577,0.010861648,0.101451075,Chlosyne.palla,4
mg26,0.336423459,0.794453514,0.260786343,0.300336786,0.002526201,0.042076644,Chlosyne.palla,4
mg45,0.336423459,0.794453514,0.260786343,0.283429227,0.009331772,0.031974656,Chlosyne.palla,4
mg85,0.336423459,0.794453514,0.260786343,0.345270764,0.004606102,0.089090523,Chlosyne.palla,4
mp26,0.336423459,0.794453514,0.260786343,0.283637307,0.010927565,0.033778529,Chlosyne.palla,4
mp45,0.336423459,0.794453514,0.260786343,0.300386598,0.007694917,0.047295173,Chlosyne.palla,4
mp85,0.336423459,0.794453514,0.260786343,0.317716615,0.009301136,0.066231409,Chlosyne.palla,4
gf26,0.414619494,0.866396006,0.291732715,0.289620193,0.031397931,0.029285409,Chlosyne.palla,5
gf45,0.414619494,0.866396006,0.291732715,0.284233056,0.034169366,0.026669707,Chlosyne.palla,5
gf85,0.414619494,0.866396006,0.291732715,0.32242664,0.029004881,0.059698806,Chlosyne.palla,5
he26,0.414619494,0.866396006,0.291732715,0.387224378,0.010375149,0.105866813,Chlosyne.palla,5
he45,0.414619494,0.866396006,0.291732715,0.386390276,0.011985747,0.106643308,Chlosyne.palla,5
he85,0.414619494,0.866396006,0.291732715,0.381112444,0.017003236,0.106382965,Chlosyne.palla,5
mg26,0.414619494,0.866396006,0.291732715,0.326112393,0.00508968,0.039469358,Chlosyne.palla,5
mg45,0.414619494,0.866396006,0.291732715,0.310664276,0.012284591,0.031216153,Chlosyne.palla,5
mg85,0.414619494,0.866396006,0.291732715,0.368967039,0.005564558,0.082798882,Chlosyne.palla,5
mp26,0.414619494,0.866396006,0.291732715,0.309398925,0.013340852,0.031007062,Chlosyne.palla,5
mp45,0.414619494,0.866396006,0.291732715,0.331364947,0.011066739,0.050698971,Chlosyne.palla,5
mp85,0.414619494,0.866396006,0.291732715,0.344395285,0.013889638,0.066552209,Chlosyne.palla,5
gf26,0.414760292,0.870428285,0.297651232,0.302338612,0.025347497,0.030034877,Chlosyne.palla,6
gf45,0.414760292,0.870428285,0.297651232,0.301316947,0.026827649,0.030493363,Chlosyne.palla,6
gf85,0.414760292,0.870428285,0.297651232,0.331361673,0.025593604,0.059304045,Chlosyne.palla,6
he26,0.414760292,0.870428285,0.297651232,0.392377054,0.007947784,0.102673606,Chlosyne.palla,6
he45,0.414760292,0.870428285,0.297651232,0.392261055,0.00982326,0.104433083,Chlosyne.palla,6
he85,0.414760292,0.870428285,0.297651232,0.384213167,0.01448555,0.101047485,Chlosyne.palla,6
mg26,0.414760292,0.870428285,0.297651232,0.332125414,0.004441581,0.038915763,Chlosyne.palla,6
mg45,0.414760292,0.870428285,0.297651232,0.318610864,0.011299274,0.032258906,Chlosyne.palla,6
mg85,0.414760292,0.870428285,0.297651232,0.371157666,0.005014104,0.078520538,Chlosyne.palla,6
mp26,0.414760292,0.870428285,0.297651232,0.320463896,0.010442808,0.033255472,Chlosyne.palla,6
mp45,0.414760292,0.870428285,0.297651232,0.343689775,0.008839589,0.054878132,Chlosyne.palla,6
mp85,0.414760292,0.870428285,0.297651232,0.355869122,0.010984899,0.069202789,Chlosyne.palla,6
gf26,0.383008961,0.848500739,0.288488078,0.294813063,0.028421747,0.034746731,Chlosyne.palla,7
gf45,0.383008961,0.848500739,0.288488078,0.291317418,0.029166785,0.031996125,Chlosyne.palla,7
gf85,0.383008961,0.848500739,0.288488078,0.332301121,0.025277649,0.069090692,Chlosyne.palla,7
he26,0.383008961,0.848500739,0.288488078,0.384609879,0.006698895,0.102820696,Chlosyne.palla,7
he45,0.383008961,0.848500739,0.288488078,0.3853799,0.008094222,0.104986043,Chlosyne.palla,7
he85,0.383008961,0.848500739,0.288488078,0.3830864,0.011881981,0.106480303,Chlosyne.palla,7
mg26,0.383008961,0.848500739,0.288488078,0.321098268,0.006777846,0.039388036,Chlosyne.palla,7
mg45,0.383008961,0.848500739,0.288488078,0.308532115,0.012123215,0.032167252,Chlosyne.palla,7
mg85,0.383008961,0.848500739,0.288488078,0.364180744,0.007100234,0.0827929,Chlosyne.palla,7
mp26,0.383008961,0.848500739,0.288488078,0.309803773,0.012491068,0.033806763,Chlosyne.palla,7
mp45,0.383008961,0.848500739,0.288488078,0.330671177,0.009622189,0.051805287,Chlosyne.palla,7
mp85,0.383008961,0.848500739,0.288488078,0.347850238,0.012432459,0.071794619,Chlosyne.palla,7
gf26,0.38400843,0.844136837,0.286458035,0.300883456,0.024105112,0.038530533,Chlosyne.palla,8
gf45,0.38400843,0.844136837,0.286458035,0.2999919,0.024838525,0.03837239,Chlosyne.palla,8
gf85,0.38400843,0.844136837,0.286458035,0.33726614,0.023847983,0.074656088,Chlosyne.palla,8
he26,0.38400843,0.844136837,0.286458035,0.388956063,0.009165584,0.111663612,Chlosyne.palla,8
he45,0.38400843,0.844136837,0.286458035,0.386755225,0.01232138,0.112618569,Chlosyne.palla,8
he85,0.38400843,0.844136837,0.286458035,0.384554386,0.015477175,0.113573527,Chlosyne.palla,8
mg26,0.38400843,0.844136837,0.286458035,0.323966243,0.004426628,0.041934837,Chlosyne.palla,8
mg45,0.38400843,0.844136837,0.286458035,0.312574469,0.010125797,0.036242231,Chlosyne.palla,8
mg85,0.38400843,0.844136837,0.286458035,0.36659269,0.005871087,0.086005742,Chlosyne.palla,8
mp26,0.38400843,0.844136837,0.286458035,0.317392819,0.01012471,0.041059494,Chlosyne.palla,8
mp45,0.38400843,0.844136837,0.286458035,0.334242893,0.009460671,0.057245529,Chlosyne.palla,8
mp85,0.38400843,0.844136837,0.286458035,0.352834193,0.011879343,0.078255501,Chlosyne.palla,8
gf26,0.425892889,0.867816228,0.296860892,0.303020673,0.026680352,0.032840133,Chlosyne.palla,9
gf45,0.425892889,0.867816228,0.296860891,0.302020219,0.02760716,0.032766487,Chlosyne.palla,9
gf85,0.425892889,0.867816228,0.296860892,0.326755015,0.026768464,0.056662588,Chlosyne.palla,9
he26,0.425892889,0.867816228,0.296860892,0.382676019,0.009150603,0.09496573,Chlosyne.palla,9
he45,0.425892889,0.867816228,0.296860892,0.379940644,0.010821741,0.093901494,Chlosyne.palla,9
he85,0.425892889,0.867816228,0.296860892,0.373369977,0.015274527,0.091783613,Chlosyne.palla,9
mg26,0.425892889,0.867816228,0.296860892,0.325825154,0.006542317,0.03550658,Chlosyne.palla,9
mg45,0.425892889,0.867816228,0.296860892,0.316142308,0.012195111,0.031476527,Chlosyne.palla,9
mg85,0.425892889,0.867816228,0.296860892,0.358186653,0.008516925,0.069842686,Chlosyne.palla,9
mp26,0.425892889,0.867816228,0.296860892,0.316786699,0.01274364,0.032669448,Chlosyne.palla,9
mp45,0.425892889,0.867816228,0.296860892,0.333442989,0.00904712,0.045629217,Chlosyne.palla,9
mp85,0.425892889,0.867816228,0.296860892,0.345959031,0.013060025,0.062158164,Chlosyne.palla,9
gf26,0.436252,0.880684741,0.301733644,0.31073847,0.024112153,0.033116979,Chlosyne.palla,10
gf45,0.436252,0.880684741,0.301733644,0.307174149,0.02499015,0.030430655,Chlosyne.palla,10
gf85,0.436252,0.880684741,0.301733644,0.335468127,0.022788271,0.056522753,Chlosyne.palla,10
he26,0.436252,0.880684741,0.301733644,0.389842735,0.006634415,0.094743506,Chlosyne.palla,10
he45,0.436252,0.880684741,0.301733644,0.394381611,0.007965135,0.100613102,Chlosyne.palla,10
he85,0.436252,0.880684741,0.301733644,0.389330159,0.011866657,0.099463171,Chlosyne.palla,10
mg26,0.436252,0.880684741,0.301733644,0.339288719,0.002947038,0.040502113,Chlosyne.palla,10
mg45,0.436252,0.880684741,0.301733644,0.323780271,0.010683448,0.032730075,Chlosyne.palla,10
mg85,0.436252,0.880684741,0.301733644,0.377042353,0.003254081,0.078562791,Chlosyne.palla,10
mp26,0.436252,0.880684741,0.301733644,0.330488981,0.008253895,0.037009232,Chlosyne.palla,10
mp45,0.436252,0.880684741,0.301733644,0.350239505,0.007541265,0.056047126,Chlosyne.palla,10
mp85,0.436252,0.880684741,0.301733644,0.368242095,0.009028702,0.075537153,Chlosyne.palla,10
gf26,0.306885493,0.786553212,0.572737122,0.631249727,0.02902087,0.087533475,Erebia.epipsodea,1
gf45,0.306885493,0.786553212,0.572737122,0.626674094,0.036460042,0.090397014,Erebia.epipsodea,1
gf85,0.306885493,0.786553212,0.572737122,0.640326591,0.031762759,0.099352228,Erebia.epipsodea,1
he26,0.306885493,0.786553212,0.572737122,0.643982057,0.014690813,0.085935748,Erebia.epipsodea,1
he45,0.306885493,0.786553212,0.572737122,0.651752674,0.017742473,0.096758025,Erebia.epipsodea,1
he85,0.306885493,0.786553212,0.572737122,0.656148785,0.020875627,0.10428729,Erebia.epipsodea,1
mg26,0.306885493,0.786553212,0.572737122,0.591920744,0.016060451,0.035244074,Erebia.epipsodea,1
mg45,0.306885493,0.786553212,0.572737122,0.589236235,0.028593834,0.045092947,Erebia.epipsodea,1
mg85,0.306885493,0.786553212,0.572737122,0.626060404,0.013219215,0.066542498,Erebia.epipsodea,1
mp26,0.306885493,0.786553212,0.572737122,0.62245241,0.01016286,0.059878148,Erebia.epipsodea,1
mp45,0.306885493,0.786553212,0.572737122,0.623995921,0.017673609,0.068932408,Erebia.epipsodea,1
mp85,0.306885493,0.786553212,0.572737122,0.653528273,0.00927964,0.090070791,Erebia.epipsodea,1
gf26,0.365030398,0.83940985,0.58693206,0.647352563,0.021383706,0.081804208,Erebia.epipsodea,2
gf45,0.365030398,0.83940985,0.58693206,0.642273714,0.02744145,0.082783104,Erebia.epipsodea,2
gf85,0.365030398,0.83940985,0.58693206,0.660832058,0.021707438,0.095607436,Erebia.epipsodea,2
he26,0.365030398,0.83940985,0.58693206,0.661208491,0.011014688,0.085291119,Erebia.epipsodea,2
he45,0.365030398,0.83940985,0.58693206,0.667220764,0.014727017,0.095015721,Erebia.epipsodea,2
he85,0.365030398,0.83940985,0.58693206,0.668422615,0.020572696,0.102063252,Erebia.epipsodea,2
mg26,0.365030398,0.83940985,0.58693206,0.616850698,0.007785894,0.037704532,Erebia.epipsodea,2
mg45,0.365030398,0.83940985,0.58693206,0.615523488,0.017249568,0.045840996,Erebia.epipsodea,2
mg85,0.365030398,0.83940985,0.58693206,0.651985581,0.006433459,0.07148698,Erebia.epipsodea,2
mp26,0.365030398,0.83940985,0.58693206,0.637936372,0.007618012,0.058622324,Erebia.epipsodea,2
mp45,0.365030398,0.83940985,0.58693206,0.637811405,0.016422882,0.067302228,Erebia.epipsodea,2
mp85,0.365030398,0.83940985,0.58693206,0.664584251,0.007874381,0.085526572,Erebia.epipsodea,2
gf26,0.329779626,0.802522807,0.550582497,0.605460739,0.016519137,0.07139738,Erebia.epipsodea,3
gf45,0.329779626,0.802522807,0.550582497,0.593343661,0.025849899,0.068611064,Erebia.epipsodea,3
gf85,0.329779626,0.802522807,0.550582497,0.611483,0.018194405,0.079094909,Erebia.epipsodea,3
he26,0.329779626,0.802522807,0.550582497,0.619739322,0.008264025,0.077420851,Erebia.epipsodea,3
he45,0.329779626,0.802522807,0.550582497,0.626364051,0.01184604,0.087627594,Erebia.epipsodea,3
he85,0.329779626,0.802522807,0.550582497,0.623203383,0.017593628,0.090214515,Erebia.epipsodea,3
mg26,0.329779626,0.802522807,0.550582497,0.576852701,0.006620357,0.032890562,Erebia.epipsodea,3
mg45,0.329779626,0.802522807,0.550582497,0.576855928,0.014702434,0.040975866,Erebia.epipsodea,3
mg85,0.329779626,0.802522807,0.550582497,0.61396018,0.005657665,0.069035348,Erebia.epipsodea,3
mp26,0.329779626,0.802522807,0.550582497,0.592575208,0.010324195,0.052316906,Erebia.epipsodea,3
mp45,0.329779626,0.802522807,0.550582497,0.592015974,0.017135327,0.058568804,Erebia.epipsodea,3
mp85,0.329779626,0.802522807,0.550582497,0.622177246,0.009158905,0.080753655,Erebia.epipsodea,3
gf26,0.368142276,0.840726881,0.574026194,0.590784002,0.035156483,0.051914291,Erebia.epipsodea,4
gf45,0.368142276,0.840726881,0.574026194,0.573108194,0.047717464,0.046799464,Erebia.epipsodea,4
gf85,0.368142276,0.840726881,0.574026194,0.597674921,0.034347615,0.057996341,Erebia.epipsodea,4
he26,0.368142276,0.840726881,0.574026194,0.62843768,0.020067638,0.074479124,Erebia.epipsodea,4
he45,0.368142276,0.840726881,0.574026194,0.632140998,0.025716951,0.083831755,Erebia.epipsodea,4
he85,0.368142276,0.840726881,0.574026194,0.62529532,0.034314884,0.085584009,Erebia.epipsodea,4
mg26,0.368142276,0.840726881,0.574026194,0.588640583,0.014770042,0.02938443,Erebia.epipsodea,4
mg45,0.368142276,0.840726881,0.574026194,0.584582756,0.022736621,0.033293182,Erebia.epipsodea,4
mg85,0.368142276,0.840726881,0.574026194,0.622660594,0.014285428,0.062919828,Erebia.epipsodea,4
mp26,0.368142276,0.840726881,0.574026194,0.601415976,0.016213419,0.043603201,Erebia.epipsodea,4
mp45,0.368142276,0.840726881,0.574026194,0.597963159,0.030310596,0.054247561,Erebia.epipsodea,4
mp85,0.368142276,0.840726881,0.574026194,0.624132852,0.018409978,0.068516636,Erebia.epipsodea,4
gf26,0.337463137,0.809569809,0.54201655,0.574867587,0.020741544,0.053592581,Erebia.epipsodea,5
gf45,0.337463137,0.809569809,0.54201655,0.555151637,0.03311414,0.046249227,Erebia.epipsodea,5
gf85,0.337463137,0.809569809,0.54201655,0.573773286,0.021670963,0.0534277,Erebia.epipsodea,5
he26,0.337463137,0.809569809,0.54201655,0.588402188,0.01478446,0.061170099,Erebia.epipsodea,5
he45,0.337463137,0.809569809,0.54201655,0.593927143,0.019791293,0.071701886,Erebia.epipsodea,5
he85,0.337463137,0.809569809,0.54201655,0.591360727,0.027162337,0.076506514,Erebia.epipsodea,5
mg26,0.337463137,0.809569809,0.54201655,0.55520695,0.011534174,0.024724575,Erebia.epipsodea,5
mg45,0.337463137,0.809569809,0.54201655,0.551550569,0.019852247,0.029386267,Erebia.epipsodea,5
mg85,0.337463137,0.809569809,0.54201655,0.585563245,0.009210705,0.052757401,Erebia.epipsodea,5
mp26,0.337463137,0.809569809,0.54201655,0.567952269,0.011750105,0.037685825,Erebia.epipsodea,5
mp45,0.337463137,0.809569809,0.54201655,0.568547313,0.020339713,0.046870477,Erebia.epipsodea,5
mp85,0.337463137,0.809569809,0.54201655,0.593802215,0.010057193,0.061842858,Erebia.epipsodea,5
gf26,0.366595367,0.836969029,0.59461976,0.63912998,0.021977001,0.066487221,Erebia.epipsodea,6
gf45,0.366595367,0.836969029,0.59461976,0.628252915,0.028790088,0.062423243,Erebia.epipsodea,6
gf85,0.366595367,0.836969029,0.59461976,0.648910331,0.022808581,0.077099152,Erebia.epipsodea,6
he26,0.366595367,0.836969029,0.59461976,0.655396235,0.009688409,0.070464884,Erebia.epipsodea,6
he45,0.366595367,0.836969029,0.59461976,0.65845439,0.014216725,0.078051355,Erebia.epipsodea,6
he85,0.366595367,0.836969029,0.59461976,0.653556615,0.021887361,0.080824215,Erebia.epipsodea,6
mg26,0.366595367,0.836969029,0.59461976,0.621176225,0.008484475,0.03504094,Erebia.epipsodea,6
mg45,0.366595367,0.836969029,0.59461976,0.615661725,0.020052795,0.04109476,Erebia.epipsodea,6
mg85,0.366595367,0.836969029,0.59461976,0.661425463,0.007214741,0.074020444,Erebia.epipsodea,6
mp26,0.366595367,0.836969029,0.59461976,0.629353946,0.012359191,0.047093376,Erebia.epipsodea,6
mp45,0.366595367,0.836969029,0.59461976,0.624033518,0.022916798,0.052330555,Erebia.epipsodea,6
mp85,0.366595367,0.836969029,0.59461976,0.655184976,0.012354566,0.072919782,Erebia.epipsodea,6
gf26,0.353832956,0.827280168,0.560729986,0.60922159,0.030750414,0.079242018,Erebia.epipsodea,7
gf45,0.353832956,0.827280168,0.560729986,0.600459532,0.04205197,0.081781516,Erebia.epipsodea,7
gf85,0.353832956,0.827280168,0.560729986,0.616251234,0.033848573,0.089369822,Erebia.epipsodea,7
he26,0.353832956,0.827280168,0.560729986,0.632764149,0.018173741,0.090207904,Erebia.epipsodea,7
he45,0.353832956,0.827280168,0.560729986,0.637838116,0.021600222,0.098708352,Erebia.epipsodea,7
he85,0.353832956,0.827280168,0.560729986,0.639611173,0.026588201,0.105469389,Erebia.epipsodea,7
mg26,0.353832956,0.827280168,0.560729986,0.586007742,0.010638802,0.035916558,Erebia.epipsodea,7
mg45,0.353832956,0.827280168,0.560729986,0.58022097,0.024842032,0.044333017,Erebia.epipsodea,7
mg85,0.353832956,0.827280168,0.560729986,0.61696478,0.009546874,0.065781668,Erebia.epipsodea,7
mp26,0.353832956,0.827280168,0.560729986,0.605884755,0.011858836,0.057013605,Erebia.epipsodea,7
mp45,0.353832956,0.827280168,0.560729986,0.603739298,0.024385207,0.067394519,Erebia.epipsodea,7
mp85,0.353832956,0.827280168,0.560729986,0.632776467,0.013520071,0.085566552,Erebia.epipsodea,7
gf26,0.354571867,0.824064973,0.580280724,0.62336911,0.03269029,0.075778677,Erebia.epipsodea,8
gf45,0.354571867,0.824064973,0.580280724,0.627379289,0.033738562,0.080837127,Erebia.epipsodea,8
gf85,0.354571867,0.824064973,0.580280724,0.631389468,0.034786834,0.085895577,Erebia.epipsodea,8
he26,0.354571867,0.824064973,0.580280724,0.643569081,0.022807821,0.086096178,Erebia.epipsodea,8
he45,0.354571867,0.824064973,0.580280724,0.651467083,0.026415223,0.097601582,Erebia.epipsodea,8
he85,0.354571867,0.824064973,0.580280724,0.659365085,0.030022624,0.109106985,Erebia.epipsodea,8
mg26,0.354571867,0.824064973,0.580280724,0.594328225,0.015097859,0.02914536,Erebia.epipsodea,8
mg45,0.354571867,0.824064973,0.580280724,0.590317157,0.029494769,0.039531202,Erebia.epipsodea,8
mg85,0.354571867,0.824064973,0.580280724,0.622198591,0.014729961,0.056647827,Erebia.epipsodea,8
mp26,0.354571867,0.824064973,0.580280724,0.618210467,0.016179139,0.054108882,Erebia.epipsodea,8
mp45,0.354571867,0.824064973,0.580280724,0.620278676,0.026519923,0.066517875,Erebia.epipsodea,8
mp85,0.354571867,0.824064973,0.580280724,0.646176461,0.017222617,0.083118354,Erebia.epipsodea,8
gf26,0.361719646,0.826010863,0.569950837,0.59288839,0.035787854,0.058725407,Erebia.epipsodea,9
gf45,0.361719646,0.826010863,0.569950837,0.584020089,0.044527144,0.058596395,Erebia.epipsodea,9
gf85,0.361719646,0.826010863,0.569950837,0.592203495,0.038948276,0.061200934,Erebia.epipsodea,9
he26,0.361719646,0.826010863,0.569950837,0.607629897,0.020668719,0.058347779,Erebia.epipsodea,9
he45,0.361719646,0.826010863,0.569950837,0.613627248,0.026088251,0.069764662,Erebia.epipsodea,9
he85,0.361719646,0.826010863,0.569950837,0.611406332,0.032654607,0.074110102,Erebia.epipsodea,9
mg26,0.361719646,0.826010863,0.569950837,0.583064543,0.013416896,0.026530601,Erebia.epipsodea,9
mg45,0.361719646,0.826010863,0.569950837,0.57205629,0.028172504,0.030277957,Erebia.epipsodea,9
mg85,0.361719646,0.826010863,0.569950837,0.608458556,0.014853219,0.053360937,Erebia.epipsodea,9
mp26,0.361719646,0.826010863,0.569950837,0.59625349,0.015961924,0.042264577,Erebia.epipsodea,9
mp45,0.361719646,0.826010863,0.569950837,0.591083022,0.026409735,0.047541919,Erebia.epipsodea,9
mp85,0.361719646,0.826010863,0.569950837,0.616763176,0.017435004,0.064247343,Erebia.epipsodea,9
gf26,0.356474991,0.827945665,0.578337476,0.629245384,0.021780714,0.072688623,Erebia.epipsodea,10
gf45,0.356474991,0.827945665,0.578337476,0.629056542,0.026291046,0.077010112,Erebia.epipsodea,10
gf85,0.356474991,0.827945665,0.578337476,0.645308343,0.023497004,0.090467871,Erebia.epipsodea,10
he26,0.356474991,0.827945665,0.578337476,0.648466336,0.0149481,0.085076959,Erebia.epipsodea,10
he45,0.356474991,0.827945665,0.578337476,0.654571707,0.019152647,0.095386877,Erebia.epipsodea,10
he85,0.356474991,0.827945665,0.578337476,0.657331222,0.023099225,0.102092971,Erebia.epipsodea,10
mg26,0.356474991,0.827945665,0.578337476,0.595737225,0.010831483,0.028231232,Erebia.epipsodea,10
mg45,0.356474991,0.827945665,0.578337476,0.592030047,0.021655092,0.035347663,Erebia.epipsodea,10
mg85,0.356474991,0.827945665,0.578337476,0.629341687,0.008598423,0.059602634,Erebia.epipsodea,10
mp26,0.356474991,0.827945665,0.578337476,0.61646705,0.011525232,0.049654806,Erebia.epipsodea,10
mp45,0.356474991,0.827945665,0.578337476,0.610679632,0.02309012,0.055432276,Erebia.epipsodea,10
mp85,0.356474991,0.827945665,0.578337476,0.645318997,0.01348598,0.080467501,Erebia.epipsodea,10
gf26,0.375466492,0.864504986,0.47005308,0.43730601,0.056700924,0.023953854,parnassius.clean,1
gf45,0.375466492,0.864504986,0.47005308,0.451284616,0.047039749,0.028271285,parnassius.clean,1
gf85,0.375466492,0.864504986,0.47005308,0.465263221,0.037378574,0.032588715,parnassius.clean,1
he26,0.375466492,0.864504986,0.47005308,0.502932412,0.017588703,0.050468035,parnassius.clean,1
he45,0.375466492,0.864504986,0.47005308,0.504873323,0.02605014,0.060870383,parnassius.clean,1
he85,0.375466492,0.864504986,0.47005308,0.498483374,0.035939506,0.0643698,parnassius.clean,1
mg26,0.375466492,0.864504986,0.47005308,0.490072585,0.009798999,0.029818503,parnassius.clean,1
mg45,0.375466492,0.864504986,0.47005308,0.48522952,0.018581908,0.033758347,parnassius.clean,1
mg85,0.375466492,0.864504986,0.47005308,0.528408794,0.007019537,0.065375251,parnassius.clean,1
mp26,0.375466492,0.864504986,0.47005308,0.490190151,0.022098771,0.042235842,parnassius.clean,1
mp45,0.375466492,0.864504986,0.47005308,0.499305574,0.020046906,0.049299399,parnassius.clean,1
mp85,0.375466492,0.864504986,0.47005308,0.511657578,0.019672244,0.061276742,parnassius.clean,1
gf26,0.347480602,0.83433752,0.439973889,0.413686848,0.062367241,0.0360802,parnassius.clean,2
gf45,0.347480602,0.83433752,0.439973889,0.436612669,0.043020841,0.039659621,parnassius.clean,2
gf85,0.347480602,0.83433752,0.439973889,0.446456732,0.043541991,0.050024834,parnassius.clean,2
he26,0.347480602,0.83433752,0.439973889,0.473798446,0.026837547,0.060662105,parnassius.clean,2
he45,0.347480602,0.83433752,0.439973889,0.482369192,0.035453137,0.07784844,parnassius.clean,2
he85,0.347480602,0.83433752,0.439973889,0.477305027,0.046401113,0.083732252,parnassius.clean,2
mg26,0.347480602,0.83433752,0.439973889,0.466336934,0.010165836,0.036528882,parnassius.clean,2
mg45,0.347480602,0.83433752,0.439973889,0.463170728,0.019721704,0.042918543,parnassius.clean,2
mg85,0.347480602,0.83433752,0.439973889,0.508805798,0.008754326,0.077586235,parnassius.clean,2
mp26,0.347480602,0.83433752,0.439973889,0.468452503,0.022686104,0.051164717,parnassius.clean,2
mp45,0.347480602,0.83433752,0.439973889,0.472490811,0.027581214,0.060098136,parnassius.clean,2
mp85,0.347480602,0.83433752,0.439973889,0.493812444,0.029154063,0.082992619,parnassius.clean,2
gf26,0.366537042,0.853830074,0.447639632,0.430617602,0.055758791,0.03873676,parnassius.clean,3
gf45,0.366537042,0.853830074,0.447639632,0.448928761,0.045116383,0.046405511,parnassius.clean,3
gf85,0.366537042,0.853830074,0.447639632,0.45696493,0.043413095,0.052738392,parnassius.clean,3
he26,0.366537042,0.853830074,0.447639632,0.480097455,0.026975795,0.059433617,parnassius.clean,3
he45,0.366537042,0.853830074,0.447639632,0.488147335,0.033217046,0.073724749,parnassius.clean,3
he85,0.366537042,0.853830074,0.447639632,0.484925125,0.045338711,0.082624204,parnassius.clean,3
mg26,0.366537042,0.853830074,0.447639632,0.462289819,0.012586389,0.027236576,parnassius.clean,3
mg45,0.366537042,0.853830074,0.447639632,0.468117362,0.020549772,0.041027501,parnassius.clean,3
mg85,0.366537042,0.853830074,0.447639632,0.504534356,0.009841339,0.066736063,parnassius.clean,3
mp26,0.366537042,0.853830074,0.447639632,0.479070761,0.0211666,0.052597728,parnassius.clean,3
mp45,0.366537042,0.853830074,0.447639632,0.487682922,0.023722816,0.063766106,parnassius.clean,3
mp85,0.366537042,0.853830074,0.447639632,0.500995923,0.02530901,0.078665301,parnassius.clean,3
gf26,0.335824051,0.831119214,0.42702431,0.39777407,0.055886548,0.026636307,parnassius.clean,4
gf45,0.335824051,0.831119214,0.42702431,0.413229064,0.040510449,0.026715203,parnassius.clean,4
gf85,0.335824051,0.831119214,0.42702431,0.419864544,0.043966487,0.03680672,parnassius.clean,4
he26,0.335824051,0.831119214,0.42702431,0.455518535,0.027556154,0.056050379,parnassius.clean,4
he45,0.335824051,0.831119214,0.42702431,0.461296482,0.033230145,0.067502316,parnassius.clean,4
he85,0.335824051,0.831119214,0.42702431,0.455414952,0.043595597,0.071986238,parnassius.clean,4
mg26,0.335824051,0.831119214,0.42702431,0.448620353,0.010287876,0.031883918,parnassius.clean,4
mg45,0.335824051,0.831119214,0.42702431,0.443924483,0.019430841,0.036331014,parnassius.clean,4
mg85,0.335824051,0.831119214,0.42702431,0.486429494,0.0090739,0.068479083,parnassius.clean,4
mp26,0.335824051,0.831119214,0.42702431,0.447506029,0.023371528,0.043853247,parnassius.clean,4
mp45,0.335824051,0.831119214,0.42702431,0.457417402,0.024229685,0.054622776,parnassius.clean,4
mp85,0.335824051,0.831119214,0.42702431,0.470018854,0.025008193,0.068002737,parnassius.clean,4
gf26,0.323038871,0.824142679,0.436993342,0.424150088,0.052846415,0.040003161,parnassius.clean,5
gf45,0.323038871,0.824142679,0.436993342,0.453026038,0.032616124,0.04864882,parnassius.clean,5
gf85,0.323038871,0.824142679,0.436993342,0.460035995,0.036377815,0.059420467,parnassius.clean,5
he26,0.323038871,0.824142679,0.436993342,0.483873906,0.023990012,0.070870576,parnassius.clean,5
he45,0.323038871,0.824142679,0.436993342,0.489747564,0.031792499,0.08454672,parnassius.clean,5
he85,0.323038871,0.824142679,0.436993342,0.495621221,0.039594986,0.098222865,parnassius.clean,5
mg26,0.323038871,0.824142679,0.436993342,0.467169909,0.00865887,0.038835437,parnassius.clean,5
mg45,0.323038871,0.824142679,0.436993342,0.470123572,0.015972696,0.049102927,parnassius.clean,5
mg85,0.323038871,0.824142679,0.436993342,0.512225455,0.007421419,0.082653532,parnassius.clean,5
mp26,0.323038871,0.824142679,0.436993342,0.482459457,0.016155877,0.061621991,parnassius.clean,5
mp45,0.323038871,0.824142679,0.436993342,0.490958651,0.01795971,0.071925018,parnassius.clean,5
mp85,0.323038871,0.824142679,0.436993342,0.509207056,0.01894294,0.091156653,parnassius.clean,5
gf26,0.335871796,0.837909871,0.45504351,0.462123559,0.038712518,0.045792568,parnassius.clean,6
gf45,0.335871796,0.837909871,0.45504351,0.480459612,0.023191476,0.048607579,parnassius.clean,6
gf85,0.335871796,0.837909871,0.45504351,0.492992263,0.02165543,0.059604183,parnassius.clean,6
he26,0.335871796,0.837909871,0.45504351,0.514514986,0.011189336,0.070660812,parnassius.clean,6
he45,0.335871796,0.837909871,0.45504351,0.520458085,0.018626744,0.084041319,parnassius.clean,6
he85,0.335871796,0.837909871,0.45504351,0.521483724,0.023950907,0.090391121,parnassius.clean,6
mg26,0.335871796,0.837909871,0.45504351,0.49028634,0.007072579,0.04231541,parnassius.clean,6
mg45,0.335871796,0.837909871,0.45504351,0.491695846,0.013167807,0.049820144,parnassius.clean,6
mg85,0.335871796,0.837909871,0.45504351,0.539621799,0.005270902,0.089849191,parnassius.clean,6
mp26,0.335871796,0.837909871,0.45504351,0.495187784,0.016531292,0.056675567,parnassius.clean,6
mp45,0.335871796,0.837909871,0.45504351,0.503733973,0.018254667,0.06694513,parnassius.clean,6
mp85,0.335871796,0.837909871,0.45504351,0.526168588,0.016361097,0.087486176,parnassius.clean,6
gf26,0.335244576,0.837226055,0.432671494,0.426176538,0.046487333,0.039992377,parnassius.clean,7
gf45,0.335244576,0.837226055,0.432671494,0.448178885,0.032185045,0.047692436,parnassius.clean,7
gf85,0.335244576,0.837226055,0.432671494,0.464264453,0.029313354,0.060906313,parnassius.clean,7
he26,0.335244576,0.837226055,0.432671494,0.489968428,0.015995769,0.073292702,parnassius.clean,7
he45,0.335244576,0.837226055,0.432671494,0.494291387,0.023710106,0.085329999,parnassius.clean,7
he85,0.335244576,0.837226055,0.432671494,0.498614347,0.031424443,0.097367295,parnassius.clean,7
mg26,0.335244576,0.837226055,0.432671494,0.456339887,0.007985129,0.031653522,parnassius.clean,7
mg45,0.335244576,0.837226055,0.432671494,0.461914046,0.014616122,0.043858674,parnassius.clean,7
mg85,0.335244576,0.837226055,0.432671494,0.502809069,0.005399442,0.075537017,parnassius.clean,7
mp26,0.335244576,0.837226055,0.432671494,0.480507734,0.015601872,0.063438111,parnassius.clean,7
mp45,0.335244576,0.837226055,0.432671494,0.485524236,0.019021602,0.071874343,parnassius.clean,7
mp85,0.335244576,0.837226055,0.432671494,0.505090392,0.017076238,0.089495136,parnassius.clean,7
gf26,0.336341609,0.836049038,0.432949187,0.434861151,0.047883625,0.04979559,parnassius.clean,8
gf45,0.336341609,0.836049038,0.432949187,0.45181076,0.034986313,0.053847886,parnassius.clean,8
gf85,0.336341609,0.836049038,0.432949187,0.465486397,0.033848773,0.066385983,parnassius.clean,8
he26,0.336341609,0.836049038,0.432949187,0.483904067,0.022996206,0.073951086,parnassius.clean,8
he45,0.336341609,0.836049038,0.432949187,0.491429086,0.029567644,0.088047544,parnassius.clean,8
he85,0.336341609,0.836049038,0.432949187,0.493590373,0.037724856,0.098366042,parnassius.clean,8
mg26,0.336341609,0.836049038,0.432949187,0.461633308,0.009127509,0.037811631,parnassius.clean,8
mg45,0.336341609,0.836049038,0.432949187,0.464550659,0.016941481,0.048542954,parnassius.clean,8
mg85,0.336341609,0.836049038,0.432949187,0.5068369,0.00762679,0.081514503,parnassius.clean,8
mp26,0.336341609,0.836049038,0.432949187,0.474589081,0.018604402,0.060244296,parnassius.clean,8
mp45,0.336341609,0.836049038,0.432949187,0.478844473,0.018596342,0.064491628,parnassius.clean,8
mp85,0.336341609,0.836049038,0.432949187,0.499620582,0.01975633,0.086427725,parnassius.clean,8
gf26,0.354976293,0.856184741,0.449461451,0.442980876,0.052910015,0.04642944,parnassius.clean,9
gf45,0.354976293,0.856184741,0.449461451,0.460068343,0.039423066,0.050029958,parnassius.clean,9
gf85,0.354976293,0.856184741,0.449461451,0.472231843,0.037946461,0.060716854,parnassius.clean,9
he26,0.354976293,0.856184741,0.449461451,0.503258173,0.019810695,0.073607417,parnassius.clean,9
he45,0.354976293,0.856184741,0.449461451,0.508603769,0.028061212,0.08720353,parnassius.clean,9
he85,0.354976293,0.856184741,0.449461451,0.505998818,0.037114227,0.093651594,parnassius.clean,9
mg26,0.354976293,0.856184741,0.449461451,0.476381658,0.009899909,0.036820116,parnassius.clean,9
mg45,0.354976293,0.856184741,0.449461451,0.479527292,0.018308001,0.048373842,parnassius.clean,9
mg85,0.354976293,0.856184741,0.449461451,0.52001727,0.009750289,0.080306108,parnassius.clean,9
mp26,0.354976293,0.856184741,0.449461451,0.489712839,0.019985243,0.060236631,parnassius.clean,9
mp45,0.354976293,0.856184741,0.449461451,0.498613239,0.022998527,0.072150315,parnassius.clean,9
mp85,0.354976293,0.856184741,0.449461451,0.51653001,0.02406948,0.091138039,parnassius.clean,9
gf26,0.322875365,0.81907185,0.439108876,0.430322074,0.041953357,0.033166555,parnassius.clean,10
gf45,0.322875365,0.81907185,0.439108876,0.440697582,0.034586051,0.036174757,parnassius.clean,10
gf85,0.322875365,0.81907185,0.439108876,0.463253131,0.027920158,0.052064412,parnassius.clean,10
he26,0.322875365,0.81907185,0.439108876,0.475631844,0.020858101,0.057381069,parnassius.clean,10
he45,0.322875365,0.81907185,0.439108876,0.479561536,0.028722199,0.069174859,parnassius.clean,10
he85,0.322875365,0.81907185,0.439108876,0.47685647,0.03949002,0.077237614,parnassius.clean,10
mg26,0.322875365,0.81907185,0.439108876,0.464959011,0.007307435,0.033157569,parnassius.clean,10
mg45,0.322875365,0.81907185,0.439108876,0.466075621,0.013484834,0.040451579,parnassius.clean,10
mg85,0.322875365,0.81907185,0.439108876,0.505928838,0.006090687,0.072910648,parnassius.clean,10
mp26,0.322875365,0.81907185,0.439108876,0.473079827,0.017179381,0.051150332,parnassius.clean,10
mp45,0.322875365,0.81907185,0.439108876,0.477198474,0.01965077,0.057740368,parnassius.clean,10
mp85,0.322875365,0.81907185,0.439108876,0.497792991,0.017945936,0.07663005,parnassius.clean,10
gf26,0.683770805,0.880299604,0.629318454,0.715727467,0.000103271,0.086512283,Pieris.rapae,1
gf45,0.683770805,0.880299604,0.629318454,0.719550893,0.000241072,0.090473511,Pieris.rapae,1
gf85,0.683770805,0.880299604,0.629318454,0.740953006,0.000564581,0.112199133,Pieris.rapae,1
he26,0.683770805,0.880299604,0.629318454,0.710310882,0,0.080992428,Pieris.rapae,1
he45,0.683770805,0.880299604,0.629318454,0.730611628,1.63E-06,0.101294806,Pieris.rapae,1
he85,0.683770805,0.880299604,0.629318454,0.752440805,2.90E-06,0.123125252,Pieris.rapae,1
mg26,0.683770805,0.880299604,0.629318454,0.660968037,0.000675695,0.032325277,Pieris.rapae,1
mg45,0.683770805,0.880299604,0.629318454,0.682218394,0.000198732,0.053098672,Pieris.rapae,1
mg85,0.683770805,0.880299604,0.629318454,0.696056012,0.000101648,0.066839206,Pieris.rapae,1
mp26,0.683770805,0.880299604,0.629318454,0.700863831,0.000216881,0.071762258,Pieris.rapae,1
mp45,0.683770805,0.880299604,0.629318454,0.725375624,0.000117872,0.096175042,Pieris.rapae,1
mp85,0.683770805,0.880299604,0.629318454,0.741129024,9.23E-05,0.111902895,Pieris.rapae,1
gf26,0.694906924,0.890813288,0.634274818,0.724794008,0.000372223,0.090891413,Pieris.rapae,2
gf45,0.694906924,0.890813288,0.634274818,0.730305996,0.001216337,0.097247515,Pieris.rapae,2
gf85,0.694906924,0.890813288,0.634274818,0.750052906,0.002302469,0.118080557,Pieris.rapae,2
he26,0.694906924,0.890813288,0.634274818,0.715551443,0.000264704,0.081541329,Pieris.rapae,2
he45,0.694906924,0.890813288,0.634274818,0.736407088,2.13E-05,0.102153601,Pieris.rapae,2
he85,0.694906924,0.890813288,0.634274818,0.761079502,2.53E-05,0.126829999,Pieris.rapae,2
mg26,0.694906924,0.890813288,0.634274818,0.666819284,0.002275779,0.034820245,Pieris.rapae,2
mg45,0.694906924,0.890813288,0.634274818,0.685707259,0.001354236,0.052786678,Pieris.rapae,2
mg85,0.694906924,0.890813288,0.634274818,0.702415623,0.000402601,0.068543406,Pieris.rapae,2
mp26,0.694906924,0.890813288,0.634274818,0.706516898,0.000420985,0.072663064,Pieris.rapae,2
mp45,0.694906924,0.890813288,0.634274818,0.731271557,0.000743208,0.097739947,Pieris.rapae,2
mp85,0.694906924,0.890813288,0.634274818,0.748810927,0.000168978,0.114705087,Pieris.rapae,2
gf26,0.669127003,0.871100336,0.628944293,0.71814241,0.000953138,0.090151255,Pieris.rapae,3
gf45,0.669127003,0.871100336,0.628944293,0.720294025,0.002499659,0.093849391,Pieris.rapae,3
gf85,0.669127003,0.871100336,0.628944293,0.739320179,0.004848916,0.115224802,Pieris.rapae,3
he26,0.669127003,0.871100336,0.628944293,0.710695881,2.54E-05,0.081776958,Pieris.rapae,3
he45,0.669127003,0.871100336,0.628944293,0.730703829,4.53648E-05,0.101804901,Pieris.rapae,3
he85,0.669127003,0.871100336,0.628944293,0.750711778,6.54E-05,0.121832844,Pieris.rapae,3
mg26,0.669127003,0.871100336,0.628944293,0.667972107,0.001116163,0.040143977,Pieris.rapae,3
mg45,0.669127003,0.871100336,0.628944293,0.68505414,0.000622028,0.056731875,Pieris.rapae,3
mg85,0.669127003,0.871100336,0.628944293,0.700914107,0.000382264,0.072352078,Pieris.rapae,3
mp26,0.669127003,0.871100336,0.628944293,0.698368394,0.001011304,0.070435405,Pieris.rapae,3
mp45,0.669127003,0.871100336,0.628944293,0.723993845,0.000793828,0.09584338,Pieris.rapae,3
mp85,0.669127003,0.871100336,0.628944293,0.739583634,0.000354575,0.110993916,Pieris.rapae,3
gf26,0.674227563,0.873686975,0.634473193,0.702681876,0.001242293,0.069450977,Pieris.rapae,4
gf45,0.674227563,0.873686975,0.634473193,0.702021184,0.002512573,0.070060565,Pieris.rapae,4
gf85,0.674227563,0.873686975,0.634473193,0.727199852,0.000913576,0.093640235,Pieris.rapae,4
he26,0.674227563,0.873686975,0.634473193,0.70568491,0.001031207,0.072242924,Pieris.rapae,4
he45,0.674227563,0.873686975,0.634473193,0.726014931,2.13E-05,0.091563008,Pieris.rapae,4
he85,0.674227563,0.873686975,0.634473193,0.746325663,3.78E-06,0.111856252,Pieris.rapae,4
mg26,0.674227563,0.873686975,0.634473193,0.665651937,0.003428585,0.034607329,Pieris.rapae,4
mg45,0.674227563,0.873686975,0.634473193,0.680141289,0.002650395,0.048318491,Pieris.rapae,4
mg85,0.674227563,0.873686975,0.634473193,0.696953838,0.001165518,0.063646162,Pieris.rapae,4
mp26,0.674227563,0.873686975,0.634473193,0.696477616,0.000211769,0.062216192,Pieris.rapae,4
mp45,0.674227563,0.873686975,0.634473193,0.721189453,0.000700432,0.087416692,Pieris.rapae,4
mp85,0.674227563,0.873686975,0.634473193,0.73493481,0.000282212,0.10074383,Pieris.rapae,4
gf26,0.652709078,0.866767365,0.627053526,0.723049841,0.000252317,0.096248632,Pieris.rapae,5
gf45,0.652709078,0.866767365,0.627053526,0.726825708,0.000964597,0.100736779,Pieris.rapae,5
gf85,0.652709078,0.866767365,0.627053526,0.749733974,0.00191902,0.124599468,Pieris.rapae,5
he26,0.652709078,0.866767365,0.627053526,0.713667343,1.70E-07,0.086613988,Pieris.rapae,5
he45,0.652709078,0.866767365,0.627053526,0.736191268,0,0.109137742,Pieris.rapae,5
he85,0.652709078,0.866767365,0.627053526,0.759453907,8.80E-06,0.132409186,Pieris.rapae,5
mg26,0.652709078,0.866767365,0.627053526,0.663043492,0.000785453,0.036775419,Pieris.rapae,5
mg45,0.652709078,0.866767365,0.627053526,0.686132635,0.000273288,0.059352398,Pieris.rapae,5
mg85,0.652709078,0.866767365,0.627053526,0.702030611,0.000190714,0.0751678,Pieris.rapae,5
mp26,0.652709078,0.866767365,0.627053526,0.706464264,0.00018584,0.079596578,Pieris.rapae,5
mp45,0.652709078,0.866767365,0.627053526,0.732426984,0.000130107,0.105503565,Pieris.rapae,5
mp85,0.652709078,0.866767365,0.627053526,0.750559391,5.74E-05,0.123563277,Pieris.rapae,5
gf26,0.67408921,0.877917408,0.636508238,0.709314547,0.000916533,0.073722842,Pieris.rapae,6
gf45,0.67408921,0.877917408,0.636508238,0.709755604,0.002292243,0.075539609,Pieris.rapae,6
gf85,0.67408921,0.877917408,0.636508238,0.735645821,0.003893389,0.103030972,Pieris.rapae,6
he26,0.67408921,0.877917408,0.636508238,0.715751952,2.68E-07,0.079243983,Pieris.rapae,6
he45,0.67408921,0.877917408,0.636508238,0.736249701,2.90E-05,0.099770451,Pieris.rapae,6
he85,0.67408921,0.877917408,0.636508238,0.755117991,0.000228862,0.118838615,Pieris.rapae,6
mg26,0.67408921,0.877917408,0.636508238,0.667273776,0.000814648,0.031580187,Pieris.rapae,6
mg45,0.67408921,0.877917408,0.636508238,0.686777674,0.000299064,0.0505685,Pieris.rapae,6
mg85,0.67408921,0.877917408,0.636508238,0.704388024,0.000222992,0.068102778,Pieris.rapae,6
mp26,0.67408921,0.877917408,0.636508238,0.699079178,0.000885662,0.063456602,Pieris.rapae,6
mp45,0.67408921,0.877917408,0.636508238,0.724799546,0.000933321,0.089224629,Pieris.rapae,6
mp85,0.67408921,0.877917408,0.636508238,0.738574508,0.000896885,0.102963156,Pieris.rapae,6
gf26,0.652104194,0.860475342,0.624061685,0.704739577,0.001304593,0.081982485,Pieris.rapae,7
gf45,0.652104194,0.860475342,0.624061685,0.70725016,0.003162114,0.086350588,Pieris.rapae,7
gf85,0.652104194,0.860475342,0.624061685,0.730132788,0.006113145,0.112184247,Pieris.rapae,7
he26,0.652104194,0.860475342,0.624061685,0.704160269,0.000130364,0.080228947,Pieris.rapae,7
he45,0.652104194,0.860475342,0.624061685,0.72348735,0.000549863,0.099975527,Pieris.rapae,7
he85,0.652104194,0.860475342,0.624061685,0.742832519,0.001156379,0.119927213,Pieris.rapae,7
mg26,0.652104194,0.860475342,0.624061685,0.661995201,0.000166322,0.038099837,Pieris.rapae,7
mg45,0.652104194,0.860475342,0.624061685,0.676337328,0.000247124,0.052522766,Pieris.rapae,7
mg85,0.652104194,0.860475342,0.624061685,0.692995824,0.000159036,0.069093175,Pieris.rapae,7
mp26,0.652104194,0.860475342,0.624061685,0.68629376,0.001321044,0.063553119,Pieris.rapae,7
mp45,0.652104194,0.860475342,0.624061685,0.71491274,0.001454341,0.092305395,Pieris.rapae,7
mp85,0.652104194,0.860475342,0.624061685,0.730298466,0.001187172,0.107423953,Pieris.rapae,7
gf26,0.669304587,0.879657179,0.630904099,0.709758772,0.000328176,0.079182849,Pieris.rapae,8
gf45,0.669304587,0.879657179,0.630904099,0.713342332,0.000911873,0.083350106,Pieris.rapae,8
gf85,0.669304587,0.879657179,0.630904099,0.735210913,0.001452987,0.105759802,Pieris.rapae,8
he26,0.669304587,0.879657179,0.630904099,0.710761719,4.45E-05,0.079902071,Pieris.rapae,8
he45,0.669304587,0.879657179,0.630904099,0.732732879,2.8104E-05,0.101856884,Pieris.rapae,8
he85,0.669304587,0.879657179,0.630904099,0.754704038,1.18E-05,0.123811696,Pieris.rapae,8
mg26,0.669304587,0.879657179,0.630904099,0.661287857,0.001412089,0.031795847,Pieris.rapae,8
mg45,0.669304587,0.879657179,0.630904099,0.680116899,0.000711893,0.049924693,Pieris.rapae,8
mg85,0.669304587,0.879657179,0.630904099,0.694135767,0.00026894,0.063500608,Pieris.rapae,8
mp26,0.669304587,0.879657179,0.630904099,0.700269176,0.000356737,0.069721815,Pieris.rapae,8
mp45,0.669304587,0.879657179,0.630904099,0.726773697,0.000133372,0.096002969,Pieris.rapae,8
mp85,0.669304587,0.879657179,0.630904099,0.74288941,0.000103452,0.112088763,Pieris.rapae,8
gf26,0.681667818,0.887167678,0.631524172,0.721207119,0.000742454,0.0904254,Pieris.rapae,9
gf45,0.681667818,0.887167678,0.631524172,0.723652943,0.001873872,0.094002642,Pieris.rapae,9
gf85,0.681667818,0.887167678,0.631524172,0.744294656,0.003473636,0.11624412,Pieris.rapae,9
he26,0.681667818,0.887167678,0.631524172,0.713344537,0.000582086,0.082402451,Pieris.rapae,9
he45,0.681667818,0.887167678,0.631524172,0.73537541,4.80E-05,0.103899285,Pieris.rapae,9
he85,0.681667818,0.887167678,0.631524172,0.758915579,4.04E-06,0.127395445,Pieris.rapae,9
mg26,0.681667818,0.887167678,0.631524172,0.664929716,0.002637755,0.036043299,Pieris.rapae,9
mg45,0.681667818,0.887167678,0.631524172,0.6858156,0.001753772,0.0560452,Pieris.rapae,9
mg85,0.681667818,0.887167678,0.631524172,0.703886131,0.000610679,0.072972638,Pieris.rapae,9
mp26,0.681667818,0.887167678,0.631524172,0.707407416,0.000563893,0.076447137,Pieris.rapae,9
mp45,0.681667818,0.887167678,0.631524172,0.732235869,0.000740403,0.101452099,Pieris.rapae,9
mp85,0.681667818,0.887167678,0.631524172,0.749559277,0.000375764,0.118410869,Pieris.rapae,9
gf26,0.667089162,0.871883939,0.634036419,0.720593012,0.00060873,0.087165323,Pieris.rapae,10
gf45,0.667089162,0.871883939,0.634036419,0.724929551,0.00178129,0.092674422,Pieris.rapae,10
gf85,0.667089162,0.871883939,0.634036419,0.744309023,0.003825584,0.114098188,Pieris.rapae,10
he26,0.667089162,0.871883939,0.634036419,0.713885146,3.02E-06,0.079851747,Pieris.rapae,10
he45,0.667089162,0.871883939,0.634036419,0.733756534,8.12E-05,0.0998013,Pieris.rapae,10
he85,0.667089162,0.871883939,0.634036419,0.756810452,3.76E-05,0.122811609,Pieris.rapae,10
mg26,0.667089162,0.871883939,0.634036419,0.664018353,0.001185329,0.031167263,Pieris.rapae,10
mg45,0.667089162,0.871883939,0.634036419,0.684011405,0.000591308,0.050566293,Pieris.rapae,10
mg85,0.667089162,0.871883939,0.634036419,0.700579651,0.000408029,0.066951261,Pieris.rapae,10
mp26,0.667089162,0.871883939,0.634036419,0.70517906,0.00071577,0.071858412,Pieris.rapae,10
mp45,0.667089162,0.871883939,0.634036419,0.727435304,0.000967894,0.094366778,Pieris.rapae,10
mp85,0.667089162,0.871883939,0.634036419,0.744469721,0.000409372,0.110842674,Pieris.rapae,10
gf26,0.311322792,0.78180058,0.807756135,0.841172995,0.018107735,0.051524595,Pontia.occidentalis,1
gf45,0.311322792,0.78180058,0.807756135,0.833012906,0.033708375,0.058965146,Pontia.occidentalis,1
gf85,0.311322792,0.78180058,0.807756135,0.845401186,0.02227012,0.059915172,Pontia.occidentalis,1
he26,0.311322792,0.78180058,0.807756135,0.859053144,0.015809802,0.067106812,Pontia.occidentalis,1
he45,0.311322792,0.78180058,0.807756135,0.870428442,0.015726294,0.078398602,Pontia.occidentalis,1
he85,0.311322792,0.78180058,0.807756135,0.883653156,0.021795913,0.097692935,Pontia.occidentalis,1
mg26,0.311322792,0.78180058,0.807756135,0.803241264,0.017351982,0.012837111,Pontia.occidentalis,1
mg45,0.311322792,0.78180058,0.807756135,0.810804184,0.018768482,0.021816531,Pontia.occidentalis,1
mg85,0.311322792,0.78180058,0.807756135,0.818829316,0.019197413,0.030270595,Pontia.occidentalis,1
mp26,0.311322792,0.78180058,0.807756135,0.851733574,0.012454238,0.056431678,Pontia.occidentalis,1
mp45,0.311322792,0.78180058,0.807756135,0.85236932,0.021868613,0.066481799,Pontia.occidentalis,1
mp85,0.311322792,0.78180058,0.807756135,0.859195498,0.02191271,0.073352073,Pontia.occidentalis,1
gf26,0.290122174,0.761664361,0.818338232,0.857751851,0.019930647,0.059344266,Pontia.occidentalis,2
gf45,0.290122174,0.761664361,0.818338232,0.85208963,0.033129167,0.066880565,Pontia.occidentalis,2
gf85,0.290122174,0.761664361,0.818338232,0.864127001,0.022485494,0.068274263,Pontia.occidentalis,2
he26,0.290122174,0.761664361,0.818338232,0.871813472,0.016767281,0.070242521,Pontia.occidentalis,2
he45,0.290122174,0.761664361,0.818338232,0.887529249,0.015888123,0.08507914,Pontia.occidentalis,2
he85,0.290122174,0.761664361,0.818338232,0.906695488,0.020177776,0.108535032,Pontia.occidentalis,2
mg26,0.290122174,0.761664361,0.818338232,0.810710696,0.019403988,0.011776453,Pontia.occidentalis,2
mg45,0.290122174,0.761664361,0.818338232,0.819680416,0.019225704,0.020567887,Pontia.occidentalis,2
mg85,0.290122174,0.761664361,0.818338232,0.829527387,0.019878443,0.031067598,Pontia.occidentalis,2
mp26,0.290122174,0.761664361,0.818338232,0.86419747,0.01326965,0.059128889,Pontia.occidentalis,2
mp45,0.290122174,0.761664361,0.818338232,0.868763625,0.022210479,0.072635872,Pontia.occidentalis,2
mp85,0.290122174,0.761664361,0.818338232,0.883426084,0.021523257,0.086611109,Pontia.occidentalis,2
gf26,0.270424517,0.74248699,0.806030682,0.842466805,0.024734354,0.061170477,Pontia.occidentalis,3
gf45,0.270424517,0.74248699,0.806030682,0.830780953,0.040217438,0.06496771,Pontia.occidentalis,3
gf85,0.270424517,0.74248699,0.806030682,0.82404918,0.047818665,0.065837163,Pontia.occidentalis,3
he26,0.270424517,0.74248699,0.806030682,0.87974523,0.008389856,0.082104404,Pontia.occidentalis,3
he45,0.270424517,0.74248699,0.806030682,0.896463149,0.007281958,0.097714425,Pontia.occidentalis,3
he85,0.270424517,0.74248699,0.806030682,0.908819181,0.010617037,0.113405535,Pontia.occidentalis,3
mg26,0.270424517,0.74248699,0.806030682,0.799052826,0.021709026,0.01473117,Pontia.occidentalis,3
mg45,0.270424517,0.74248699,0.806030682,0.805404334,0.028744844,0.028118495,Pontia.occidentalis,3
mg85,0.270424517,0.74248699,0.806030682,0.827069204,0.018187412,0.039225934,Pontia.occidentalis,3
mp26,0.270424517,0.74248699,0.806030682,0.869609161,0.008915991,0.072494469,Pontia.occidentalis,3
mp45,0.270424517,0.74248699,0.806030682,0.870170718,0.017259531,0.081399567,Pontia.occidentalis,3
mp85,0.270424517,0.74248699,0.806030682,0.882715228,0.014911568,0.091596115,Pontia.occidentalis,3
gf26,0.307602782,0.778092,0.826453777,0.881901712,0.00948452,0.064932456,Pontia.occidentalis,4
gf45,0.307602782,0.778092,0.826453777,0.88363718,0.017912152,0.075095556,Pontia.occidentalis,4
gf85,0.307602782,0.778092,0.826453777,0.892480455,0.011781678,0.077808357,Pontia.occidentalis,4
he26,0.307602782,0.778092,0.826453777,0.893460004,0.00720079,0.074207018,Pontia.occidentalis,4
he45,0.307602782,0.778092,0.826453777,0.912715583,0.00778531,0.094047116,Pontia.occidentalis,4
he85,0.307602782,0.778092,0.826453777,0.931971161,0.00836983,0.113887215,Pontia.occidentalis,4
mg26,0.307602782,0.778092,0.826453777,0.819983083,0.016045982,0.009575289,Pontia.occidentalis,4
mg45,0.307602782,0.778092,0.826453777,0.834380062,0.015456525,0.023382811,Pontia.occidentalis,4
mg85,0.307602782,0.778092,0.826453777,0.844045431,0.013269429,0.030861083,Pontia.occidentalis,4
mp26,0.307602782,0.778092,0.826453777,0.883249171,0.007487123,0.064282518,Pontia.occidentalis,4
mp45,0.307602782,0.778092,0.826453777,0.891995516,0.014844151,0.08038589,Pontia.occidentalis,4
mp85,0.307602782,0.778092,0.826453777,0.904737574,0.013573756,0.091857553,Pontia.occidentalis,4
gf26,0.315202724,0.792833511,0.829892899,0.868065579,0.010361526,0.048534206,Pontia.occidentalis,5
gf45,0.315202724,0.792833511,0.829892899,0.86926211,0.019035046,0.058404257,Pontia.occidentalis,5
gf85,0.315202724,0.792833511,0.829892899,0.877917002,0.013624921,0.061649025,Pontia.occidentalis,5
he26,0.315202724,0.792833511,0.829892899,0.880235007,0.007197347,0.057539455,Pontia.occidentalis,5
he45,0.315202724,0.792833511,0.829892899,0.888448271,0.007117318,0.065672689,Pontia.occidentalis,5
he85,0.315202724,0.792833511,0.829892899,0.902278039,0.009447876,0.081833016,Pontia.occidentalis,5
mg26,0.315202724,0.792833511,0.829892899,0.82424529,0.015601601,0.009953992,Pontia.occidentalis,5
mg45,0.315202724,0.792833511,0.829892899,0.832285776,0.015951094,0.018343971,Pontia.occidentalis,5
mg85,0.315202724,0.792833511,0.829892899,0.840900736,0.012997187,0.024005024,Pontia.occidentalis,5
mp26,0.315202724,0.792833511,0.829892899,0.867039906,0.008862698,0.046009705,Pontia.occidentalis,5
mp45,0.315202724,0.792833511,0.829892899,0.871076665,0.014432152,0.055615918,Pontia.occidentalis,5
mp85,0.315202724,0.792833511,0.829892899,0.878685874,0.014380828,0.063173803,Pontia.occidentalis,5
gf26,0.302309032,0.771096298,0.809022064,0.8412453,0.015784601,0.048007836,Pontia.occidentalis,6
gf45,0.302309032,0.771096298,0.809022064,0.840867971,0.02813465,0.059980557,Pontia.occidentalis,6
gf85,0.302309032,0.771096298,0.809022064,0.853269806,0.019371974,0.063619716,Pontia.occidentalis,6
he26,0.302309032,0.771096298,0.809022064,0.858773586,0.011410705,0.061162227,Pontia.occidentalis,6
he45,0.302309032,0.771096298,0.809022064,0.87484535,0.011005463,0.076828748,Pontia.occidentalis,6
he85,0.302309032,0.771096298,0.809022064,0.895822932,0.016008128,0.102808997,Pontia.occidentalis,6
mg26,0.302309032,0.771096298,0.809022064,0.80193339,0.018330184,0.01124151,Pontia.occidentalis,6
mg45,0.302309032,0.771096298,0.809022064,0.806305482,0.018567957,0.015851374,Pontia.occidentalis,6
mg85,0.302309032,0.771096298,0.809022064,0.814609718,0.02005118,0.025638834,Pontia.occidentalis,6
mp26,0.302309032,0.771096298,0.809022064,0.847422541,0.011456296,0.049856774,Pontia.occidentalis,6
mp45,0.302309032,0.771096298,0.809022064,0.850098729,0.020985815,0.062062479,Pontia.occidentalis,6
mp85,0.302309032,0.771096298,0.809022064,0.865265631,0.019135394,0.075378961,Pontia.occidentalis,6
gf26,0.295622331,0.764241865,0.819983952,0.877071511,0.014328887,0.071416446,Pontia.occidentalis,7
gf45,0.295622331,0.764241865,0.819983952,0.870643459,0.024845467,0.075504974,Pontia.occidentalis,7
gf85,0.295622331,0.764241865,0.819983952,0.877402878,0.020754314,0.078173239,Pontia.occidentalis,7
he26,0.295622331,0.764241865,0.819983952,0.890371651,0.012178754,0.082566452,Pontia.occidentalis,7
he45,0.295622331,0.764241865,0.819983952,0.902109883,0.014062697,0.096188628,Pontia.occidentalis,7
he85,0.295622331,0.764241865,0.819983952,0.916254883,0.018662579,0.114933509,Pontia.occidentalis,7
mg26,0.295622331,0.764241865,0.819983952,0.822824907,0.012951101,0.015792055,Pontia.occidentalis,7
mg45,0.295622331,0.764241865,0.819983952,0.835599406,0.015394779,0.031010232,Pontia.occidentalis,7
mg85,0.295622331,0.764241865,0.819983952,0.852903705,0.013088396,0.046008149,Pontia.occidentalis,7
mp26,0.295622331,0.764241865,0.819983952,0.881079519,0.011514171,0.072609737,Pontia.occidentalis,7
mp45,0.295622331,0.764241865,0.819983952,0.887323762,0.019552922,0.086892732,Pontia.occidentalis,7
mp85,0.295622331,0.764241865,0.819983952,0.89325201,0.022869283,0.09613734,Pontia.occidentalis,7
gf26,0.323627293,0.787133258,0.807052235,0.861710284,0.02230541,0.076963458,Pontia.occidentalis,8
gf45,0.323627293,0.787133258,0.807052235,0.856636807,0.034572257,0.084156828,Pontia.occidentalis,8
gf85,0.323627293,0.787133258,0.807052235,0.864397223,0.027422153,0.084767141,Pontia.occidentalis,8
he26,0.323627293,0.787133258,0.807052235,0.863454806,0.018206834,0.074609405,Pontia.occidentalis,8
he45,0.323627293,0.787133258,0.807052235,0.874642737,0.0183187,0.085909202,Pontia.occidentalis,8
he85,0.323627293,0.787133258,0.807052235,0.89065473,0.025470096,0.10907259,Pontia.occidentalis,8
mg26,0.323627293,0.787133258,0.807052235,0.806774375,0.01761536,0.0173375,Pontia.occidentalis,8
mg45,0.323627293,0.787133258,0.807052235,0.817313828,0.020071445,0.030333038,Pontia.occidentalis,8
mg85,0.323627293,0.787133258,0.807052235,0.826474949,0.01938594,0.038808654,Pontia.occidentalis,8
mp26,0.323627293,0.787133258,0.807052235,0.857900096,0.014989372,0.065837232,Pontia.occidentalis,8
mp45,0.323627293,0.787133258,0.807052235,0.859981372,0.025130562,0.078059699,Pontia.occidentalis,8
mp85,0.323627293,0.787133258,0.807052235,0.868362672,0.028180647,0.089491084,Pontia.occidentalis,8
gf26,0.301523245,0.77418223,0.823659614,0.858853813,0.01914677,0.054340968,Pontia.occidentalis,9
gf45,0.301523245,0.77418223,0.823659614,0.852636353,0.032548208,0.061524948,Pontia.occidentalis,9
gf85,0.301523245,0.77418223,0.823659614,0.854025694,0.031082297,0.061448378,Pontia.occidentalis,9
he26,0.301523245,0.77418223,0.823659614,0.879282937,0.014284263,0.069907586,Pontia.occidentalis,9
he45,0.301523245,0.77418223,0.823659614,0.894193469,0.014220999,0.084754854,Pontia.occidentalis,9
he85,0.301523245,0.77418223,0.823659614,0.908845074,0.020361446,0.105546906,Pontia.occidentalis,9
mg26,0.301523245,0.77418223,0.823659614,0.816521368,0.018473544,0.011335298,Pontia.occidentalis,9
mg45,0.301523245,0.77418223,0.823659614,0.826647377,0.019778758,0.022766521,Pontia.occidentalis,9
mg85,0.301523245,0.77418223,0.823659614,0.835741856,0.019025404,0.031107646,Pontia.occidentalis,9
mp26,0.288592753,0.770421401,0.840188043,0.889680428,0.008353248,0.057845632,Pontia.occidentalis,9
mp45,0.301523245,0.77418223,0.823659614,0.875977268,0.021467629,0.073785284,Pontia.occidentalis,9
mp85,0.301523245,0.77418223,0.823659614,0.881137254,0.023856638,0.081334279,Pontia.occidentalis,9
gf26,0.316867165,0.789866437,0.817529849,0.861785333,0.017644592,0.061900076,Pontia.occidentalis,10
gf45,0.316867165,0.789866437,0.817529849,0.855171271,0.030829951,0.068471372,Pontia.occidentalis,10
gf85,0.316867165,0.789866437,0.817529849,0.864440615,0.024231022,0.071141788,Pontia.occidentalis,10
he26,0.316867165,0.789866437,0.817529849,0.874020376,0.012603639,0.069094165,Pontia.occidentalis,10
he45,0.316867165,0.789866437,0.817529849,0.886517978,0.0117253,0.080713429,Pontia.occidentalis,10
he85,0.316867165,0.789866437,0.817529849,0.904467673,0.015110989,0.102048812,Pontia.occidentalis,10
mg26,0.316867165,0.789866437,0.817529849,0.817739074,0.015494339,0.015703563,Pontia.occidentalis,10
mg45,0.316867165,0.789866437,0.817529849,0.823252971,0.018234921,0.023958042,Pontia.occidentalis,10
mg85,0.316867165,0.789866437,0.817529849,0.837581121,0.015135511,0.035186782,Pontia.occidentalis,10
mp26,0.316867165,0.789866437,0.817529849,0.86518856,0.01036186,0.05802057,Pontia.occidentalis,10
mp45,0.316867165,0.789866437,0.817529849,0.869342135,0.01730452,0.069116806,Pontia.occidentalis,10
mp85,0.316867165,0.789866437,0.817529849,0.884224876,0.015787206,0.082482233,Pontia.occidentalis,10
gf26,0.502690094,0.813058774,0.665444507,0.62866776,0.049178471,0.012401724,sedumRed,1
gf45,0.502690094,0.813058774,0.665444507,0.62484841,0.060537009,0.019940911,sedumRed,1
gf85,0.502690094,0.813058774,0.668552088,0.615452991,0.071346606,0.01824751,sedumRed,1
he26,0.502690094,0.813058774,0.665444507,0.659689119,0.039521724,0.033766335,sedumRed,1
he45,0.502690094,0.813058774,0.46667034,0.557002164,0.013290506,0.103622331,sedumRed,1
he85,0.502690094,0.813058774,0.68960273,0.692805241,0.047907743,0.051110254,sedumRed,1
mg26,0.502690094,0.813058774,0.665444507,0.64159953,0.02678283,0.002937852,sedumRed,1
mg45,0.502690094,0.813058774,0.665444507,0.647287553,0.02388982,0.005732866,sedumRed,1
mg85,0.502690094,0.813058774,0.665444507,0.648095888,0.023451378,0.006102759,sedumRed,1
mp26,0.502690094,0.813058774,0.665444507,0.67882002,0.015873448,0.02924896,sedumRed,1
mp45,0.502690094,0.813058774,0.681493744,0.707409245,0.020448879,0.046364381,sedumRed,1
mp85,0.42978908,0.772109296,0.46667034,0.585458375,0.008612469,0.127400504,sedumRed,1
gf26,0.526513874,0.8252977,0.671659668,0.621802936,0.060681417,0.010824685,sedumRed,2
gf45,0.526513874,0.8252977,0.671659668,0.618088866,0.068507037,0.014936235,sedumRed,2
gf85,0.526513874,0.8252977,0.671659668,0.606057573,0.082156204,0.016554109,sedumRed,2
he26,0.526513874,0.8252977,0.671659668,0.672119764,0.033636984,0.03409708,sedumRed,2
he45,0.526513874,0.8252977,0.671659668,0.686190844,0.035105153,0.049636329,sedumRed,2
he85,0.526513874,0.8252977,0.671659668,0.675648577,0.047953147,0.051942056,sedumRed,2
mg26,0.526513874,0.8252977,0.840506731,0.84347114,0.000217534,0.003181943,sedumRed,2
mg45,0.526513874,0.8252977,0.671659668,0.640828316,0.034193813,0.003362461,sedumRed,2
mg85,0.526513874,0.8252977,0.840506731,0.848038659,0.000119633,0.007651561,sedumRed,2
mp26,0.526513874,0.8252977,0.671659668,0.679306594,0.016364427,0.024011353,sedumRed,2
mp45,0.526513874,0.8252977,0.671659668,0.698901631,0.021560703,0.048802666,sedumRed,2
mp85,0.526513874,0.8252977,0.671659668,0.692596762,0.028346909,0.049284004,sedumRed,2
gf26,0.544007398,0.836169067,0.693373786,0.653724873,0.046674151,0.007025238,sedumRed,3
gf45,0.544007398,0.836169067,0.693373786,0.648013893,0.058090174,0.012730282,sedumRed,3
gf85,0.544007398,0.836169067,0.693373786,0.640280897,0.068489076,0.015396188,sedumRed,3
he26,0.544007398,0.836169067,0.693373786,0.692480229,0.034117079,0.033223523,sedumRed,3
he45,0.544007398,0.836169067,0.693373786,0.704301901,0.036484492,0.047412607,sedumRed,3
he85,0.544007398,0.836169067,0.717700745,0.720086141,0.044087405,0.046472801,sedumRed,3
mg26,0.544007398,0.836169067,0.693373786,0.663691872,0.031555764,0.00187385,sedumRed,3
mg45,0.544007398,0.836169067,0.693373786,0.668825158,0.027540453,0.002991825,sedumRed,3
mg85,0.544007398,0.836169067,0.693373786,0.669476937,0.028028476,0.004131627,sedumRed,3
mp26,0.544007398,0.836169067,0.693373786,0.701653491,0.015756427,0.024036132,sedumRed,3
mp45,0.544007398,0.836169067,0.693373786,0.717209307,0.019919556,0.043755078,sedumRed,3
mp85,0.544007398,0.836169067,0.693373786,0.70941921,0.02852098,0.044566403,sedumRed,3
gf26,0.542888509,0.83352644,0.679447777,0.649341007,0.044555065,0.014448296,sedumRed,4
gf45,0.542888509,0.83352644,0.679447777,0.646358426,0.053459631,0.02037028,sedumRed,4
gf85,0.542888509,0.83352644,0.679447777,0.637866863,0.063377095,0.021796181,sedumRed,4
he26,0.542888509,0.83352644,0.679447777,0.677445848,0.038362723,0.036360795,sedumRed,4
he45,0.542888509,0.83352644,0.679447777,0.689289887,0.039524252,0.049366361,sedumRed,4
he85,0.542888509,0.83352644,0.679447777,0.682681005,0.051682677,0.054915905,sedumRed,4
mg26,0.542888509,0.83352644,0.679447777,0.657547269,0.025557898,0.00365739,sedumRed,4
mg45,0.542888509,0.83352644,0.679447777,0.662465173,0.023103415,0.006120811,sedumRed,4
mg85,0.542888509,0.83352644,0.679447777,0.667925461,0.01906867,0.007546354,sedumRed,4
mp26,0.542888509,0.83352644,0.679447777,0.693683786,0.015138206,0.029374215,sedumRed,4
mp45,0.542888509,0.83352644,0.679447777,0.706116797,0.019866379,0.046535399,sedumRed,4
mp85,0.542888509,0.83352644,0.679447777,0.701592409,0.027474197,0.049618829,sedumRed,4
gf26,0.528220692,0.829614177,0.68100504,0.648816878,0.047339185,0.015151023,sedumRed,5
gf45,0.528220692,0.829614177,0.68100504,0.642836456,0.057855965,0.01968738,sedumRed,5
gf85,0.528220692,0.829614177,0.68100504,0.633448632,0.068350392,0.020793984,sedumRed,5
he26,0.528220692,0.829614177,0.68100504,0.681718858,0.037741019,0.038454837,sedumRed,5
he45,0.528220692,0.829614177,0.68100504,0.693863944,0.03961605,0.052474954,sedumRed,5
he85,0.528220692,0.829614177,0.68100504,0.686770889,0.052034919,0.057800768,sedumRed,5
mg26,0.528220692,0.829614177,0.68100504,0.655545534,0.028199123,0.002739617,sedumRed,5
mg45,0.528220692,0.829614177,0.68100504,0.661244516,0.025321618,0.005561094,sedumRed,5
mg85,0.528220692,0.829614177,0.68100504,0.665023136,0.022404569,0.006422664,sedumRed,5
mp26,0.528220692,0.829614177,0.68100504,0.696266444,0.017093803,0.032355206,sedumRed,5
mp45,0.528220692,0.829614177,0.68100504,0.708211414,0.02196858,0.049174953,sedumRed,5
mp85,0.528220692,0.829614177,0.68100504,0.702455771,0.030568691,0.052019422,sedumRed,5
gf26,0.50751747,0.81635506,0.662730174,0.613778193,0.059402004,0.010450023,sedumRed,6
gf45,0.50751747,0.81635506,0.662730174,0.607492258,0.070849789,0.015611873,sedumRed,6
gf85,0.50751747,0.81635506,0.662730174,0.595410577,0.0840552,0.016735603,sedumRed,6
he26,0.50751747,0.81635506,0.662730174,0.652858089,0.039299356,0.029427271,sedumRed,6
he45,0.50751747,0.81635506,0.662730174,0.666226574,0.040599228,0.044095628,sedumRed,6
he85,0.50751747,0.81635506,0.662730174,0.655592505,0.055847743,0.048710074,sedumRed,6
mg26,0.50751747,0.81635506,0.662730174,0.63317899,0.034068481,0.004517298,sedumRed,6
mg45,0.50751747,0.81635506,0.662730174,0.636080655,0.032111556,0.005462037,sedumRed,6
mg85,0.50751747,0.81635506,0.662730174,0.63725424,0.030535322,0.005059388,sedumRed,6
mp26,0.50751747,0.81635506,0.662730174,0.670860009,0.016380304,0.02451014,sedumRed,6
mp45,0.50751747,0.81635506,0.662730174,0.685035841,0.022379215,0.044684883,sedumRed,6
mp85,0.50751747,0.81635506,0.662730174,0.677490373,0.030172575,0.044932774,sedumRed,6
gf26,0.541348334,0.833414696,0.674808983,0.640506135,0.045955587,0.011652739,sedumRed,7
gf45,0.541348334,0.833414696,0.674808983,0.634238796,0.05911351,0.018543324,sedumRed,7
gf85,0.541348334,0.833414696,0.674808983,0.628226005,0.067014059,0.020431082,sedumRed,7
he26,0.541348334,0.833414696,0.674808983,0.669501772,0.039845396,0.034538185,sedumRed,7
he45,0.541348334,0.833414696,0.674808983,0.682693835,0.040889407,0.048774259,sedumRed,7
he85,0.541348334,0.833414696,0.674808983,0.674845013,0.055537902,0.055573932,sedumRed,7
mg26,0.541348334,0.833414696,0.674808983,0.649198862,0.028453244,0.002843123,sedumRed,7
mg45,0.541348334,0.833414696,0.674808983,0.655523561,0.024727853,0.005442431,sedumRed,7
mg85,0.541348334,0.833414696,0.674808983,0.659569327,0.022240952,0.007001297,sedumRed,7
mp26,0.541348334,0.833414696,0.674808983,0.68562136,0.017016954,0.027829331,sedumRed,7
mp45,0.541348334,0.833414696,0.674808983,0.697558409,0.022264281,0.045013708,sedumRed,7
mp85,0.541348334,0.833414696,0.674808983,0.692586051,0.029596548,0.047373616,sedumRed,7
gf26,0.534227572,0.828405123,0.67772868,0.653873811,0.04432969,0.020474822,sedumRed,8
gf45,0.534227572,0.828405123,0.67772868,0.644614175,0.057570234,0.024455729,sedumRed,8
gf85,0.534227572,0.828405123,0.67772868,0.643018924,0.062484552,0.027774796,sedumRed,8
he26,0.534227572,0.828405123,0.67772868,0.677514258,0.041908094,0.041693673,sedumRed,8
he45,0.534227572,0.828405123,0.67772868,0.685980232,0.0444705,0.052722052,sedumRed,8
he85,0.534227572,0.828405123,0.67772868,0.674827943,0.060000885,0.057100149,sedumRed,8
mg26,0.534227572,0.828405123,0.67772868,0.660666666,0.022011705,0.004949691,sedumRed,8
mg45,0.534227572,0.828405123,0.67772868,0.667792657,0.019926001,0.009989978,sedumRed,8
mg85,0.534227572,0.828405123,0.67772868,0.675667284,0.017162032,0.015100636,sedumRed,8
mp26,0.534227572,0.828405123,0.67772868,0.692334617,0.019848141,0.034454078,sedumRed,8
mp45,0.534227572,0.828405123,0.67772868,0.704817659,0.02464251,0.05173149,sedumRed,8
mp85,0.534227572,0.828405123,0.67772868,0.697750058,0.034331575,0.054352954,sedumRed,8
gf26,0.496561774,0.80831701,0.672041844,0.634702538,0.05457063,0.017231325,sedumRed,9
gf45,0.496561774,0.80831701,0.672041844,0.628474773,0.063875004,0.020307934,sedumRed,9
gf85,0.496561774,0.80831701,0.672041844,0.622247007,0.071622249,0.021827413,sedumRed,9
he26,0.496561774,0.80831701,0.672041844,0.664897793,0.046625414,0.039481363,sedumRed,9
he45,0.496561774,0.80831701,0.672041844,0.671103232,0.048286845,0.047348233,sedumRed,9
he85,0.496561774,0.80831701,0.672041844,0.661421751,0.062535167,0.051915074,sedumRed,9
mg26,0.496561774,0.80831701,0.672041844,0.653474348,0.023952164,0.005384669,sedumRed,9
mg45,0.496561774,0.80831701,0.672041844,0.65851516,0.02327888,0.009752196,sedumRed,9
mg85,0.496561774,0.80831701,0.672041844,0.665219868,0.021673059,0.014851084,sedumRed,9
mp26,0.496561774,0.80831701,0.672041844,0.681435982,0.019666148,0.029060286,sedumRed,9
mp45,0.496561774,0.80831701,0.672041844,0.693554781,0.023752118,0.045265055,sedumRed,9
mp85,0.496561774,0.80831701,0.672041844,0.686203691,0.034247998,0.048409846,sedumRed,9
gf26,0.521664535,0.821825446,0.663850483,0.627604702,0.044882366,0.008636585,sedumRed,10
gf45,0.521664535,0.821825446,0.663850483,0.624940855,0.053800428,0.0148908,sedumRed,10
gf85,0.521664535,0.821825446,0.663850483,0.615709459,0.066492396,0.018351372,sedumRed,10
he26,0.521664535,0.821825446,0.663850483,0.658608873,0.036548541,0.031306931,sedumRed,10
he45,0.521664535,0.821825446,0.663850483,0.67338109,0.037762146,0.047292753,sedumRed,10
he85,0.521664535,0.821825446,0.663850483,0.668379932,0.050997059,0.055526508,sedumRed,10
mg26,0.521664535,0.821825446,0.663850483,0.637839584,0.028082131,0.002071233,sedumRed,10
mg45,0.521664535,0.821825446,0.663850483,0.641526632,0.025438719,0.003114868,sedumRed,10
mg85,0.521664535,0.821825446,0.663850483,0.642358177,0.025291063,0.003798757,sedumRed,10
mp26,0.521664535,0.821825446,0.663850483,0.673417436,0.01610479,0.025671743,sedumRed,10
mp45,0.521664535,0.821825446,0.663850483,0.689295025,0.020746675,0.046191218,sedumRed,10
mp85,0.521664535,0.821825446,0.663850483,0.683140703,0.028398042,0.047688262,sedumRed,10
